question,answer
hello,"Hi, how can I assist you?"
I need to call a technical supporter,You can call us through the hotline : (452)-869-8569
I want to call a technical supporter,You can call us through the hotline : (452)-869-8569
contact a technical supporter,You can call us through the hotline : (452)-869-8569
how can change language,"This app supports to change language form ""Home Page"" . You can switch between ""English"" language and ""Arabic"" language."
languages,"This app supports to change language form ""Home Page"" . You can switch between ""English"" language and ""Arabic"" language."
hotline,You can call us through the hotline : (452)-869-8569
contact,You can call us through the hotline : (452)-869-8569
call,You can call us through the hotline : (452)-869-8569
branches,"You can see all locations of Branches, ATMs through the ""Branches & ATMs locator"""
ATMs,"You can see all locations of Branches, ATMs through the ""Branches & ATMs locator"""
location,"You can see all locations of Branches, ATMs through the ""Branches & ATMs locator"""
branch,"You can see all locations of Branches, ATMs through the ""Branches & ATMs locator"""
ATM,"You can see all locations of Branches, ATMs through the ""Branches & ATMs locator"""
locations,"You can see all locations of Branches, ATMs through the ""Branches & ATMs locator"""
Hello,"Hi, how can I assist you?"
issue,Please call us through the hotline : (452)-869-8569
problem,Please call us through the hotline : (452)-869-8569
I have an issue,Please tell me more about the problem. I'm here to help you.
I have a problem,Please tell me more about the problem. I'm here to help you.
currency converter,In the currency converter page you can set an amount and select the from and to currencies from the list to show the result.
exchange rates,In the exchange rates page you can enter an amount in Egyptian pound as from and see the results in form buy and sell to other currencies
Exchange rates,In the exchange rates page you can enter an amount in Egyptian pound as from and see the results in form buy and sell to other currencies
Currency converter,In the currency converter page you can set an amount and select the from and to currencies from the list to show the result.
exchange rate,In the exchange rates page you can enter an amount in Egyptian pound as from and see the results in form buy and sell to other currencies
Where is the location of bank,"You can see all locations of Branches, ATMs through the ""Branches & ATMs locator"""
where is the location of bank,"You can see all locations of Branches, ATMs through the ""Branches & ATMs locator"""
how can change languages,"This app supports to change language form ""Home Page"" . You can switch between ""English"" language and ""Arabic"" language."
How can change languages,"This app supports to change language form ""Home Page"" . You can switch between ""English"" language and ""Arabic"" language."
loan amount,"In ""Loan amount"" page you can calculate loan"
Loan amount,"In ""Loan amount"" page you can calculate loan"
Loan Amount,"In ""Loan amount"" page you can calculat loan"
Certificate,"In ""certificate""you can see all certificate offers and the benefits of each certificate"
certificate,"In ""certificate""you can see all certificate offers and the benefits of each certificate"
what is the type of card,"In ""card""you can see all cards offers and the benefits of each card "
what is the type of card,"In ""card""you can see all cards offers and the benefits of each card"
What is the type of card,"In ""cards""you can see all cards offers and the benefits of each card"
Cards,"In ""card""you can see all cards offers and the benefits of each card"
what is the type of card ,"In ""card""you can see all cards offers and the benefits of each card "
What is the type of card ,"In ""card""you can see all cards offers and the benefits of each card "
what is the type of card,"In ""cards""you can see all cards offers and the benefits of each card"
cards,"In ""card""you can see all cards offers and the benefits of each card"
Can customers set up bill payments through your website?,no you can make bill payment through mobile app or any bank branch
 how can i make bill payments ? , you can make bill payment through mobile app or any bank branch
 How can i make bill payments ? , you can make bill payment through mobile app or any bank branch
Can customers set up bill payments through your website?,no you can make bill payment through mobile app or any bank branch
 i want to make bill payments ?,no you can make bill payment through mobile app or any bank branch
 I want to make bill payments ?,no you can make bill payment through mobile app or any bank branch
make bill payments ?,no you can make bill payment through mobile app or any bank branch
 payments ,no you can make bill payment through mobile app or any bank branch
saving account ,It is an account that allow you to pool in your finances and manage them With the different needs and requirements of the customers
Saving account ,It is an account that allow you to pool in your finances and manage them With the different needs and requirements of the customers
What is saving account ,It is an account that allow you to pool in your finances and manage them With the different needs and requirements of the customers
what is saving account ,It is an account that allow you to pool in your finances and manage them With the different needs and requirements of the customers
Saving account is,It is an account that allow you to pool in your finances and manage them With the different needs and requirements of the customers
saving account is,It is an account that allow you to pool in your finances and manage them With the different needs and requirements of the customers
what is current account ?,"If you are looking for an account that allows you to cash and write cheques without expecting any profit ,then all you need is FNB's current account. "
What is current account ?,"If you are looking for an account that allows you to cash and write cheques without expecting any profit ,then all you need is FNB's current account. "
current account is?,"If you are looking for an account that allows you to cash and write cheques without expecting any profit ,then all you need is FNB's current account. "
Current account is?,"If you are looking for an account that allows you to cash and write cheques without expecting any profit ,then all you need is FNB's current account. "
current accoun,"If you are looking for an account that allows you to cash and write cheques without expecting any profit ,then all you need is FNB's current account. "
Current account,"If you are looking for an account that allows you to cash and write cheques without expecting any profit ,then all you need is FNB's current account. "
 is this app support arabic ? ,"yes This app supports to change language form ""Home Page"" . You can switch between ""English"" language and ""Arabic"" language."
 Is this app support arabic ? ,"yes This app supports to change language form ""Home Page"" . You can switch between ""English"" language and ""Arabic"" language.e"
Change languages,"yes This app supports to change language form ""Home Page"" . You can switch between ""English"" language and ""Arabic"" language."
change languages,"yes This app supports to change language form ""Home Page"" . You can switch between ""English"" language and ""Arabic"" language."
Can you speak in arabic ? , No but it will be future work
can you speak in arabic ? , No but it will be future work
what is currency,Currency converter you can set an amount and select the from and to currencies from the list to show the result.
What is currency,Currency converter you can set an amount and select the from and to currencies from the list to show the result.
What is currency convert,Currency converter you can set an amount and select the from and to currencies from the list to show the result.
What is Currency convert,Currency converter you can set an amount and select the from and to currencies from the list to show the result.
Loan details,"In ""Loan details"" page you can show details"
loan details,"In ""Loan details"" page you can show details"
